-- phpMyAdmin SQL Dump
-- version 5.1.1
-- https://www.phpmyadmin.net/
--
-- Host: 127.0.0.1
-- Generation Time: Jan 16, 2022 at 05:39 PM
-- Server version: 10.4.22-MariaDB
-- PHP Version: 8.1.0

SET SQL_MODE = "NO_AUTO_VALUE_ON_ZERO";
START TRANSACTION;
SET time_zone = "+00:00";


/*!40101 SET @OLD_CHARACTER_SET_CLIENT=@@CHARACTER_SET_CLIENT */;
/*!40101 SET @OLD_CHARACTER_SET_RESULTS=@@CHARACTER_SET_RESULTS */;
/*!40101 SET @OLD_COLLATION_CONNECTION=@@COLLATION_CONNECTION */;
/*!40101 SET NAMES utf8mb4 */;

--
-- Database: `event`
--

-- --------------------------------------------------------

--
-- Table structure for table `admin`
--

CREATE TABLE `admin` (
  `adm_id` int(222) NOT NULL,
  `username` varchar(222) NOT NULL,
  `password` varchar(222) NOT NULL,
  `email` varchar(222) NOT NULL,
  `code` varchar(222) NOT NULL,
  `date` timestamp NOT NULL DEFAULT current_timestamp() ON UPDATE current_timestamp()
) ENGINE=InnoDB DEFAULT CHARSET=latin1;

--
-- Dumping data for table `admin`
--

INSERT INTO `admin` (`adm_id`, `username`, `password`, `email`, `code`, `date`) VALUES
(6, 'admin', '81dc9bdb52d04dc20036dbd8313ed055', 'admin@gmail.com', '', '2018-04-09 07:36:18'),
(8, 'abc888', '6d0361d5777656072438f6e314a852bc', 'abc@gmail.com', 'QX5ZMN', '2018-04-13 18:12:30');

-- --------------------------------------------------------

--
-- Table structure for table `admin_codes`
--

CREATE TABLE `admin_codes` (
  `id` int(222) NOT NULL,
  `codes` varchar(6) NOT NULL
) ENGINE=InnoDB DEFAULT CHARSET=latin1;

--
-- Dumping data for table `admin_codes`
--

INSERT INTO `admin_codes` (`id`, `codes`) VALUES
(1, 'QX5ZMN'),
(2, 'QFE6ZM'),
(3, 'QMZR92'),
(4, 'QPGIOV'),
(5, 'QSTE52'),
(6, 'QMTZ2J');

-- --------------------------------------------------------

--
-- Table structure for table `pack_name`
--

CREATE TABLE `pack_name` (
  `d_id` int(222) NOT NULL,
  `rs_id` int(222) NOT NULL,
  `title` varchar(222) NOT NULL,
  `slogan` varchar(222) NOT NULL,
  `price` decimal(10,2) NOT NULL,
  `img` varchar(222) NOT NULL
) ENGINE=InnoDB DEFAULT CHARSET=latin1;

--
-- Dumping data for table `pack_name`
--

INSERT INTO `pack_name` (`d_id`, `rs_id`, `title`, `slogan`, `price`, `img`) VALUES
(11, 48, 'Bonefish', 'Three ounces of lightly seasoned fresh tilapia ', '55.77', '5ad7582e2ec9c.jpg'),
(12, 48, 'Hard Rock Cafe', 'A mix of chopped lettuces, shredded cheese, chicken cubes', '22.12', '5ad7590d9702b.jpg'),
(13, 49, 'Uno Pizzeria & Grill', 'Kids can choose their pasta shape, type of sauce, favorite veggies (like broccoli or mushrooms)', '12.35', '5ad7597aa0479.jpg'),
(14, 50, 'Red Robins Chick on a Stick', 'Plain grilled chicken breast? Blah.', '34.99', '5ad759e1546fc.jpg'),
(15, 51, 'Lyfe Kitchens Tofu Taco', 'This chain, known for a wide selection of vegetarian and vegan choices', '11.99', '5ad75a1869e93.jpg'),
(16, 52, 'Houlihans Mini Cheeseburger', 'Creekstone Farms, where no antibiotics or growth hormones are used', '22.55', '5ad75a5dbb329.jpg'),
(17, 53, 'jklmno', 'great taste great whatever', '17.99', '5ad79fcf59e66.jpg'),
(18, 54, 'Chicken Chap', 'Chap', '100.00', '61dc699622a39.jpg'),
(19, 54, 'Chicken Chap', 'Chap', '100.00', '61dc6a4e0d93f.jpg'),
(20, 54, 'Chap', 'C Chap', '90.00', '61dc7b95c7304.jpg'),
(21, 55, 'Rose', 'hdshbjbn', '10.00', '61dd7f9858ba1.jpg');

-- --------------------------------------------------------

--
-- Table structure for table `remark`
--

CREATE TABLE `remark` (
  `id` int(11) NOT NULL,
  `frm_id` int(11) NOT NULL,
  `status` varchar(255) NOT NULL,
  `remark` mediumtext NOT NULL,
  `remarkDate` timestamp NOT NULL DEFAULT current_timestamp()
) ENGINE=InnoDB DEFAULT CHARSET=latin1;

--
-- Dumping data for table `remark`
--

INSERT INTO `remark` (`id`, `frm_id`, `status`, `remark`, `remarkDate`) VALUES
(62, 32, 'in process', 'hi', '2018-04-18 17:35:52'),
(63, 32, 'closed', 'cc', '2018-04-18 17:36:46'),
(64, 32, 'in process', 'fff', '2018-04-18 18:01:37'),
(65, 32, 'closed', 'its delv', '2018-04-18 18:08:55'),
(66, 34, 'in process', 'on a way', '2018-04-18 18:56:32'),
(67, 35, 'closed', 'ok', '2018-04-18 18:59:08'),
(68, 37, 'in process', 'on the way!', '2018-04-18 19:50:06'),
(69, 37, 'rejected', 'if admin cancel for any reason this box is for remark only for buter perposes', '2018-04-18 19:51:19'),
(70, 37, 'closed', 'delivered success', '2018-04-18 19:51:50'),
(71, 39, 'in process', '1', '2022-01-10 17:19:00'),
(72, 39, 'rejected', '1', '2022-01-10 17:19:22');

-- --------------------------------------------------------

--
-- Table structure for table `ser_category`
--

CREATE TABLE `ser_category` (
  `c_id` int(222) NOT NULL,
  `c_name` varchar(222) NOT NULL,
  `date` timestamp NOT NULL DEFAULT current_timestamp() ON UPDATE current_timestamp()
) ENGINE=InnoDB DEFAULT CHARSET=latin1;

--
-- Dumping data for table `ser_category`
--

INSERT INTO `ser_category` (`c_id`, `c_name`, `date`) VALUES
(5, 'grill', '2018-04-14 18:45:28'),
(6, 'pizza', '2018-04-14 18:44:56'),
(7, 'pasta', '2018-04-14 18:45:13'),
(8, 'thaifood', '2018-04-14 18:32:56'),
(9, 'fish', '2018-04-14 18:44:33'),
(11, 'Chicken Chap', '2022-01-10 17:11:43'),
(12, 'food', '2022-01-10 17:22:32'),
(13, 'Decoration', '2022-01-11 12:57:45');

-- --------------------------------------------------------

--
-- Table structure for table `ser_name`
--

CREATE TABLE `ser_name` (
  `rs_id` int(222) NOT NULL,
  `c_id` int(222) NOT NULL,
  `title` varchar(222) NOT NULL,
  `address` text NOT NULL,
  `image` text NOT NULL
) ENGINE=InnoDB DEFAULT CHARSET=latin1;

--
-- Dumping data for table `ser_name`
--

INSERT INTO `ser_name` (`rs_id`, `c_id`, `title`, `address`, `image`) VALUES
(48, 12, 'Food', '  Palace,   natwar jalandhar ', '61dc6b7ad0e2f.jpg'),
(49, 5, 'The Great Kabab Factory', 'Radisson Blu Plaza Hotel, Delhi Airport, NH-8, New Delhi, 110037', '5ad74de005016.jpg'),
(50, 6, 'Aarkay Vaishno Dhaba', 'Bhargav Nagar, Jalandhar - Nakodar Rd, Jalandhar, Punjab 144003', '5ad74e5310ae4.jpg'),
(51, 7, 'Martini', '399 L Near Apple Showroom, Model Town,', '5ad74ebf1d103.jpg'),
(52, 8, 'hudson', 'Opposite Lovely Sweets, Nakodar Road, Jalandhar, Punjab 144001', '5ad756f1429e3.jpg'),
(53, 9, 'kriyana store', 'near kalu gali hotel india what everrrr.', '5ad79e7d01c5a.jpg'),
(54, 11, '7Dayz', 'Ibrahim mention,K.B Aman Ali Road, Chawkbazar,Chittagong', '61dc696fe0317.png'),
(55, 13, 'Flower', 'Ibrahim mension,K.B Aman Ali Road,Chawkbazar,Chittagong', '61dd7f5b6220b.png');

-- --------------------------------------------------------

--
-- Table structure for table `users`
--

CREATE TABLE `users` (
  `u_id` int(222) NOT NULL,
  `username` varchar(222) NOT NULL,
  `f_name` varchar(222) NOT NULL,
  `l_name` varchar(222) NOT NULL,
  `email` varchar(222) NOT NULL,
  `phone` varchar(222) NOT NULL,
  `password` varchar(222) NOT NULL,
  `address` text NOT NULL,
  `status` int(222) NOT NULL DEFAULT 1,
  `date` timestamp NOT NULL DEFAULT current_timestamp() ON UPDATE current_timestamp()
) ENGINE=InnoDB DEFAULT CHARSET=latin1;

--
-- Dumping data for table `users`
--

INSERT INTO `users` (`u_id`, `username`, `f_name`, `l_name`, `email`, `phone`, `password`, `address`, `status`, `date`) VALUES
(31, 'navjot789', 'navjot', 'singh', 'ns949405@gmail.com', '9041240385', '6d0361d5777656072438f6e314a852bc', 'badri col phase 2', 1, '2018-04-18 10:05:03'),
(32, 'navjot890', 'nav', 'singh', 'nds949405@gmail.com', '6232125458', '6d0361d5777656072438f6e314a852bc', 'badri col phase 1', 1, '2018-04-18 09:50:56'),
(33, 'emon', 'Emon', 'Paul', 'emon@gmail.com', '01638575578', '25d55ad283aa400af464c76d713c07ad', 'Ibrahim mension,K.B Aman Ali Road,Chawkbazar,Chittagong', 1, '2022-01-10 17:16:37'),
(34, 'karim', 'karim', 'bolod', 'karim@gmail.com', '01638575578', '25d55ad283aa400af464c76d713c07ad', 'Ibrahim mension,K.B Aman Ali Road,Chawkbazar,Chittagong', 1, '2022-01-10 17:24:21');

-- --------------------------------------------------------

--
-- Table structure for table `users_orders`
--

CREATE TABLE `users_orders` (
  `o_id` int(222) NOT NULL,
  `u_id` int(222) NOT NULL,
  `title` varchar(222) NOT NULL,
  `quantity` int(222) NOT NULL,
  `price` decimal(10,2) NOT NULL,
  `status` varchar(222) DEFAULT NULL,
  `date` timestamp NOT NULL DEFAULT current_timestamp() ON UPDATE current_timestamp()
) ENGINE=InnoDB DEFAULT CHARSET=latin1;

--
-- Dumping data for table `users_orders`
--

INSERT INTO `users_orders` (`o_id`, `u_id`, `title`, `quantity`, `price`, `status`, `date`) VALUES
(37, 31, 'jklmno', 5, '17.99', 'closed', '2018-04-18 19:51:50'),
(38, 31, 'Red Robins Chick on a Stick', 2, '34.99', NULL, '2018-04-18 19:52:34'),
(39, 33, 'Chicken Chap', 10, '100.00', 'rejected', '2022-01-10 17:19:22'),
(40, 33, 'Chicken Chap', 2, '100.00', NULL, '2022-01-10 17:20:05'),
(41, 33, 'Uno Pizzeria & Grill', 1, '12.35', NULL, '2022-01-11 14:30:20');

--
-- Indexes for dumped tables
--

--
-- Indexes for table `admin`
--
ALTER TABLE `admin`
  ADD PRIMARY KEY (`adm_id`);

--
-- Indexes for table `admin_codes`
--
ALTER TABLE `admin_codes`
  ADD PRIMARY KEY (`id`);

--
-- Indexes for table `pack_name`
--
ALTER TABLE `pack_name`
  ADD PRIMARY KEY (`d_id`);

--
-- Indexes for table `remark`
--
ALTER TABLE `remark`
  ADD PRIMARY KEY (`id`);

--
-- Indexes for table `ser_category`
--
ALTER TABLE `ser_category`
  ADD PRIMARY KEY (`c_id`);

--
-- Indexes for table `ser_name`
--
ALTER TABLE `ser_name`
  ADD PRIMARY KEY (`rs_id`);

--
-- Indexes for table `users`
--
ALTER TABLE `users`
  ADD PRIMARY KEY (`u_id`);

--
-- Indexes for table `users_orders`
--
ALTER TABLE `users_orders`
  ADD PRIMARY KEY (`o_id`);

--
-- AUTO_INCREMENT for dumped tables
--

--
-- AUTO_INCREMENT for table `admin`
--
ALTER TABLE `admin`
  MODIFY `adm_id` int(222) NOT NULL AUTO_INCREMENT, AUTO_INCREMENT=9;

--
-- AUTO_INCREMENT for table `admin_codes`
--
ALTER TABLE `admin_codes`
  MODIFY `id` int(222) NOT NULL AUTO_INCREMENT, AUTO_INCREMENT=7;

--
-- AUTO_INCREMENT for table `pack_name`
--
ALTER TABLE `pack_name`
  MODIFY `d_id` int(222) NOT NULL AUTO_INCREMENT, AUTO_INCREMENT=22;

--
-- AUTO_INCREMENT for table `remark`
--
ALTER TABLE `remark`
  MODIFY `id` int(11) NOT NULL AUTO_INCREMENT, AUTO_INCREMENT=73;

--
-- AUTO_INCREMENT for table `ser_category`
--
ALTER TABLE `ser_category`
  MODIFY `c_id` int(222) NOT NULL AUTO_INCREMENT, AUTO_INCREMENT=14;

--
-- AUTO_INCREMENT for table `ser_name`
--
ALTER TABLE `ser_name`
  MODIFY `rs_id` int(222) NOT NULL AUTO_INCREMENT, AUTO_INCREMENT=56;

--
-- AUTO_INCREMENT for table `users`
--
ALTER TABLE `users`
  MODIFY `u_id` int(222) NOT NULL AUTO_INCREMENT, AUTO_INCREMENT=35;

--
-- AUTO_INCREMENT for table `users_orders`
--
ALTER TABLE `users_orders`
  MODIFY `o_id` int(222) NOT NULL AUTO_INCREMENT, AUTO_INCREMENT=42;
COMMIT;

/*!40101 SET CHARACTER_SET_CLIENT=@OLD_CHARACTER_SET_CLIENT */;
/*!40101 SET CHARACTER_SET_RESULTS=@OLD_CHARACTER_SET_RESULTS */;
/*!40101 SET COLLATION_CONNECTION=@OLD_COLLATION_CONNECTION */;
